{"pos_x": 1741.9237909428314, "pos_y": 3436.1152321600416, "score": 1260, "wave": 1, "kills": 11, "sector": [3, 6], "hp": 120, "modules": {"wing": 0, "engine": 0, "armor": 0, "core": 1, "lens": 0}}