{"pos_x": 2980.9686664935257, "pos_y": 2966.770113782072, "score": 1000, "wave": 1, "kills": 9, "sector": [5, 5], "hp": 120, "modules": {"wing": 0, "engine": 0, "armor": 0, "core": 0, "lens": 0}}